name,email,username,password,phone
Leon Spight,lspight0@lulu.com,lspight0,oBUooRuv,831-267-5831
Denice Pygott,dpygott1@sohu.com,dpygott1,7NGasLZBxN,234-542-0160
Arlina Diboll,adiboll2@hubpages.com,adiboll2,hDfHbsi,457-927-0021
Dalila Burgill,dburgill3@webnode.com,dburgill3,mMRkUTgNBT,568-326-7507
Merrick Forth,mforth4@moonfruit.com,mforth4,QHiYey5a,924-646-7051
Ursulina McWhin,umcwhin5@quantcast.com,umcwhin5,AuCJWK,512-127-7828
Ulysses McMackin,umcmackin6@paginegialle.it,umcmackin6,fVOTzAW1Hq8s,719-918-0229
Patten Severwright,pseverwright7@blog.com,pseverwright7,BmZRfz6ZZ,787-916-9767
Frazer Johananov,fjohananov8@redcross.org,fjohananov8,qOw19ShEGk,567-424-3851
Huberto Enticott,henticott9@indiegogo.com,henticott9,SZ0ggs,199-866-5305
Lil Bocock,lbococka@nationalgeographic.com,lbococka,NzIczBt,374-185-6163
Bryanty Sango,bsangob@marriott.com,bsangob,wkzOFv7Jg2e,771-879-8814
Leigha Jagels,ljagelsc@cmu.edu,ljagelsc,FJxEktptNhPA,389-996-4591
Lexis Brass,lbrassd@jimdo.com,lbrassd,RE2tMaAB5Y,563-834-9555
Charline Haggerstone,chaggerstonee@narod.ru,chaggerstonee,4dI8MV,149-338-1993
